"Company_ID","name"
"1","Rush-Campos"
"2","Tucker, Decker and Erickson"
"3","Thompson Ltd"
"4","Lewis and Sons"
"5","Higgins, Young and Bowers"
"8","Roach, Johnson and Perez"
"11","Vincent and Sons"
"12","Wilkins LLC"
"13","Brock-Holmes"
"14","Rocha-Brown"
"16","Solis, Gilmore and Allen"
"17","Hill-Martin"
"19","Thomas-Cook"
"21","Summers-Brown"
"24","Lewis-Johnson"
"31","Patton, Petty and Blake"
"33","Herman LLC"
"34","Russell Inc"
"35","Collins Ltd"
"37","Mitchell, Walter and Mercado"
"43","Thomas, Cooper and Webster"
"45","Johnson LLC"
"46","Rivas and Sons"
"48","Morrow, Conley and Welch"
"51","Thompson-Thomas"
"52","Francis, Hogan and Hunt"
"56","Anderson, Mosley and Nolan"
"59","Harris-Hamilton"
"62","Johnson PLC"
"63","Saunders Ltd"
"64","Mcfarland-Lane"
"66","Mccall-Harris"
"68","Jackson Inc"
"70","Jones-Knox"
"75","Fernandez-Downs"
"78","Ball Group"
"79","Garcia Inc"
"81","King, Mcneil and White"
"82","Smith Group"
"85","Nguyen LLC"
"87","Archer Inc"
"88","Olson PLC"
"90","Robinson-Chapman"
"91","Smith, Hinton and King"
"92","Duke Inc"
"93","Taylor, Arnold and Cochran"
"94","Hardin, Flynn and Gould"
"95","Hall Group"
"97","Russell-Riddle"
"99","Smith, Murray and Gomez"
